CounDist,elect_dist
32,23001
32,23002
32,23003
32,23004
32,23005
32,23006
32,23007
32,23008
32,23010
32,23011
32,23012
32,23013
32,23014
32,23015
32,23016
32,23017
31,23018
31,23020
31,23021
31,23022
31,23023
31,23024
31,23025
31,23026
31,23027
31,23028
31,23029
31,23030
31,23031
31,23032
32,23033
32,23034
32,23035
32,23036
32,23037
32,23038
28,23039
28,23040
32,23041
32,23042
32,23043
32,23044
32,23045
32,23046
32,23047
32,23048
32,23049
32,23050
32,23051
32,23052
32,23053
32,23057
32,23059
32,23060
32,23061
32,23062
29,23063
28,23064
31,23065
31,23066
31,23068
32,23069
32,23070
31,23071
31,23074
28,24001
28,24002
28,24003
28,24004
28,24005
29,24006
28,24007
29,24008
28,24009
28,24010
29,24011
29,24012
29,24013
29,24014
29,24015
28,24016
24,24017
29,24018
29,24019
28,24020
29,24021
23,24022
29,24023
29,24024
29,24025
29,24026
24,24027
29,24028
29,24029
24,24030
29,24031
29,24032
23,24033
24,24034
24,24035
24,24036
24,24037
24,24038
24,24039
24,24040
24,24041
24,24042
24,24043
24,24044
24,24045
24,24046
24,24047
24,24048
24,24049
23,24050
23,24051
23,24052
23,24053
23,24054
23,24055
23,24056
23,24057
23,24058
23,24059
23,24060
23,24061
23,24062
23,24063
23,24064
24,24065
29,24066
24,25001
24,25002
24,25003
24,25004
24,25005
24,25006
24,25007
24,25008
24,25009
24,25010
24,25011
24,25012
24,25013
24,25014
24,25015
24,25016
23,25017
23,25018
23,25019
23,25020
23,25021
23,25022
23,25023
23,25024
23,25025
23,25026
19,25027
19,25028
20,25029
20,25030
20,25031
20,25032
20,25033
20,25034
20,25035
19,25036
20,25037
20,25038
20,25039
20,25040
20,25041
20,25042
20,25043
20,25044
20,25045
20,25046
20,25047
24,25048
24,25049
23,26001
23,26002
23,26003
23,26004
23,26005
23,26006
23,26007
23,26008
23,26009
23,26010
23,26011
23,26012
23,26013
23,26014
23,26015
23,26016
23,26017
23,26018
23,26019
23,26020
19,26021
19,26022
19,26023
19,26024
19,26025
19,26026
19,26027
23,26028
23,26029
23,26030
19,26031
19,26032
19,26033
19,26034
19,26035
19,26036
19,26037
19,26038
19,26039
19,26040
19,26041
19,26042
19,26043
19,26044
19,26045
19,26046
19,26047
19,26048
19,26049
19,26050
19,26051
19,26052
19,26053
19,26054
19,26055
19,26056
19,26057
20,26058
19,26059
19,26060
19,26061
19,26063
19,26064
23,26065
19,27001
24,27002
29,27003
29,27004
29,27005
29,27006
29,27007
24,27008
24,27009
24,27010
24,27011
24,27012
24,27013
24,27014
24,27015
24,27016
24,27017
24,27018
20,27019
24,27020
24,27021
24,27022
24,27023
24,27024
24,27025
24,27026
24,27027
24,27028
24,27029
24,27030
29,27031
19,27032
19,27033
19,27034
19,27035
19,27036
19,27037
19,27038
19,27039
24,27040
19,27041
19,27042
19,27043
19,27044
19,27045
19,27046
24,27047
19,27048
19,27049
19,27050
19,27051
29,27053
29,27055
24,27056
24,27057
21,27058
24,27059
21,27060
21,27062
20,27063
19,27066
21,27067
19,27068
29,28001
29,28003
29,28004
30,28005
29,28006
29,28007
29,28008
29,28009
30,28010
32,28011
32,28012
32,28013
30,28014
30,28015
30,28016
32,28017
29,28018
30,28019
30,28020
30,28021
30,28022
30,28023
30,28024
30,28025
30,28026
32,28027
29,28028
29,28029
29,28030
29,28031
29,28032
29,28033
30,28034
29,28035
29,28036
29,28037
29,28040
29,28041
29,28042
29,28043
29,28044
30,28045
30,28046
29,28047
30,28048
29,28049
29,28050
29,28053
29,28054
29,28055
29,28056
29,28057
30,28058
30,28059
30,28060
30,28061
29,28062
29,28063
29,28064
29,28065
32,28066
30,28067
30,28068
29,28069
29,28070
29,28071
29,28072
32,28073
24,28074
29,28075
31,29001
31,29002
31,29003
31,29004
31,29005
31,29006
31,29007
31,29008
31,29009
31,29010
31,29011
31,29012
31,29013
31,29014
31,29015
27,29016
31,29017
31,29018
31,29019
31,29020
31,29021
31,29022
31,29023
27,29025
27,29026
27,29027
27,29028
27,29029
27,29030
27,29031
27,29032
28,29033
27,29034
27,29035
27,29036
27,29037
27,29038
27,29039
27,29040
27,29041
27,29042
27,29043
27,29045
27,29046
23,29047
23,29048
27,29049
24,29051
24,29052
23,29054
23,29055
27,29056
27,29057
23,29058
23,29059
23,29060
31,29061
31,29062
31,29064
27,29065
27,29066
30,30001
26,30002
25,30003
25,30004
30,30005
30,30006
30,30007
30,30008
30,30009
30,30010
26,30011
26,30012
26,30013
25,30014
25,30015
26,30016
26,30017
26,30018
25,30019
26,30020
26,30021
26,30022
26,30023
26,30024
26,30025
30,30026
30,30027
30,30028
26,30029
30,30032
30,30033
30,30034
25,30035
25,30036
25,30037
25,30038
25,30039
25,30040
25,30041
25,30042
25,30043
25,30045
25,30046
25,30047
25,30048
26,30049
26,30050
26,30051
25,30052
26,30054
26,30055
26,30056
25,30057
30,30058
26,30059
31,31001
31,31002
31,31003
31,31004
31,31005
31,31006
31,31007
31,31008
31,31009
31,31010
31,31011
31,31013
31,31015
31,31016
32,31017
31,31018
32,31019
31,31020
28,31021
31,31022
31,31023
31,31024
31,31025
31,31026
31,31027
31,31028
31,31029
31,31030
31,31031
31,31032
28,31033
31,31034
31,31035
31,31036
28,31037
28,31038
28,31039
28,31040
28,31041
28,31042
28,31043
28,31044
28,31045
28,31046
28,31047
28,31048
28,31049
28,31050
28,31051
28,31052
28,31053
28,31054
28,31055
28,31056
28,31057
31,31059
31,31060
31,31061
28,31062
31,31063
24,32001
27,32002
27,32003
24,32004
27,32005
24,32006
27,32007
24,32008
27,32009
27,32010
28,32011
27,32012
27,32013
27,32014
27,32015
27,32016
28,32017
28,32018
28,32019
28,32020
28,32021
28,32022
28,32023
28,32024
28,32025
28,32026
28,32027
28,32028
28,32029
28,32030
28,32031
28,32032
28,32033
28,32034
28,32035
27,32038
28,32039
28,32040
28,32041
28,32042
28,32043
27,32044
28,32045
28,32046
28,32047
27,32048
27,32049
28,32050
28,32051
28,32052
28,32053
28,32054
28,32055
28,32056
28,32057
28,32058
28,32059
28,32060
28,32061
28,32062
28,32063
28,32064
28,32065
28,32066
28,32067
29,32068
23,33001
23,33002
23,33003
23,33004
23,33005
23,33006
23,33007
23,33008
23,33009
23,33010
23,33011
23,33012
23,33013
23,33014
23,33015
23,33016
23,33017
23,33018
23,33019
23,33020
23,33021
23,33022
23,33023
23,33024
23,33025
27,33026
27,33027
27,33028
27,33029
27,33030
27,33031
27,33032
27,33033
27,33034
27,33035
27,33036
27,33037
27,33038
27,33039
27,33040
27,33042
27,33043
27,33044
27,33045
27,33046
27,33047
27,33048
27,33049
27,33050
27,33051
27,33052
27,33053
27,33054
27,33055
27,33056
27,33057
27,33058
27,33059
27,33060
27,33061
27,33062
27,33063
27,33064
22,34001
21,34002
22,34003
22,34004
22,34005
26,34006
22,34007
22,34008
22,34009
21,34010
21,34011
22,34012
22,34013
22,34014
22,34015
22,34017
22,34018
22,34019
22,34020
26,34021
26,34022
22,34023
22,34024
22,34025
21,34026
21,34028
25,34029
22,34030
25,34031
25,34032
22,34033
25,34034
21,34035
25,34036
25,34037
25,34038
25,34039
25,34040
25,34041
25,34042
25,34043
25,34044
25,34045
25,34046
25,34047
25,34048
25,34049
21,34050
25,34051
21,34052
25,34053
21,34054
21,34055
21,34056
21,34057
22,34058
22,34059
22,34060
22,35001
22,35002
22,35003
21,35004
21,35005
21,35006
21,35007
21,35008
24,35009
21,35010
21,35011
21,35012
21,35013
21,35014
21,35015
21,35016
21,35017
21,35018
21,35019
21,35020
21,35021
21,35022
21,35023
21,35024
21,35025
21,35026
25,35027
24,35028
25,35029
25,35030
24,35031
21,35032
21,35033
21,35034
21,35035
21,35036
24,35037
24,35038
24,35039
24,35040
29,35041
29,35042
24,35043
24,35044
24,35045
24,35046
21,35047
21,35048
22,35049
21,35050
24,35051
22,35052
22,35053
21,35054
21,35056
22,35057
22,35058
21,35060
21,35061
21,35062
21,35063
24,35064
21,35065
22,36001
22,36002
22,36003
22,36004
22,36005
22,36006
22,36007
22,36008
22,36009
22,36010
22,36011
22,36012
22,36013
22,36014
22,36015
22,36016
22,36017
22,36018
22,36019
22,36020
22,36021
22,36022
22,36023
22,36024
22,36025
22,36026
22,36027
22,36028
26,36029
26,36030
22,36031
26,36032
22,36033
26,36034
26,36035
26,36036
26,36037
26,36038
26,36039
26,36040
26,36041
26,36042
26,36043
22,36044
22,36045
26,36046
26,36047
26,36048
26,36049
22,36050
22,36051
22,36052
22,36053
22,36054
22,36055
22,36056
22,36057
22,36058
22,36059
22,36060
22,36061
22,36062
22,36063
22,36064
22,36065
26,36066
22,36067
26,36070
26,37001
26,37002
26,37003
26,37004
26,37005
26,37006
26,37007
26,37008
26,37009
26,37010
30,37011
34,37012
26,37013
26,37014
26,37015
26,37016
26,37017
26,37018
26,37019
26,37020
26,37021
26,37022
26,37023
26,37024
26,37025
26,37026
26,37027
26,37028
26,37029
26,37030
26,37031
26,37032
26,37033
30,37034
26,37035
26,37036
26,37037
26,37038
30,37039
30,37040
26,37041
26,37042
30,37043
30,37044
30,37045
30,37046
30,37047
30,37048
30,37049
30,37050
30,37051
30,37052
30,37053
30,37054
30,37055
34,37056
30,37057
30,37058
30,37059
34,37060
34,37061
30,37062
30,37063
30,37064
34,37065
26,37066
30,37067
26,37068
26,37069
4,37071
34,38001
34,38005
34,38006
32,38008
30,38009
30,38010
32,38011
30,38012
32,38013
32,38014
32,38015
32,38017
32,38018
32,38019
32,38020
29,38022
29,38023
32,38024
29,38025
29,38026
32,38027
29,38028
32,38029
32,38031
32,38032
32,38033
32,38034
32,38035
32,38037
32,38039
32,38041
30,38042
32,38043
30,38044
32,38045
30,38046
29,38047
29,38048
32,38049
29,38050
29,38051
30,38052
30,38053
32,38055
25,39001
25,39002
25,39003
25,39004
25,39005
25,39006
25,39007
25,39008
25,39009
25,39010
25,39011
25,39012
25,39013
25,39014
25,39015
21,39016
25,39017
25,39018
25,39019
25,39020
25,39021
25,39022
25,39023
21,39024
25,39025
25,39026
21,39027
30,39028
21,39029
21,39030
21,39031
21,39032
21,39033
21,39034
21,39035
21,39036
25,39037
25,39038
25,39039
24,39040
30,39041
30,39042
30,39043
30,39044
30,39045
30,39046
30,39047
21,39048
21,39049
25,39050
30,39051
25,39052
20,40001
20,40002
20,40003
20,40004
20,40005
20,40006
20,40007
20,40008
20,40009
20,40010
20,40011
20,40012
20,40013
20,40014
20,40015
20,40016
20,40017
20,40018
20,40019
20,40020
20,40021
20,40022
20,40023
20,40024
20,40025
20,40026
20,40027
20,40028
20,40029
20,40030
20,40031
19,40032
20,40033
20,40034
19,40035
19,40036
19,40037
19,40038
19,40039
19,40040
19,40041
20,40042
19,40043
19,40044
19,40045
19,40046
19,40047
20,40048
45,41001
45,41002
45,41003
45,41004
45,41005
45,41006
45,41007
45,41008
45,41009
45,41010
46,41011
45,41012
45,41013
45,41014
45,41015
45,41016
45,41017
45,41018
45,41019
44,41020
44,41021
44,41022
48,41023
48,41024
48,41025
48,41026
48,41027
48,41028
48,41029
48,41030
46,41031
45,41032
45,41033
46,41034
45,41035
46,41036
46,41037
46,41038
48,41039
48,41040
48,41041
48,41042
48,41043
48,41044
46,41045
46,41046
46,41047
46,41048
46,41049
46,41050
46,41051
46,41052
46,41053
48,41054
48,41055
48,41056
48,41057
48,41058
48,41059
46,41060
48,41061
45,41062
48,41063
48,41064
48,41065
48,41066
48,41067
46,41068
48,41069
48,41070
46,41071
40,42001
40,42002
40,42003
40,42004
40,42005
40,42006
40,42007
40,42008
40,42009
40,42010
40,42011
40,42012
40,42013
40,42014
40,42015
40,42016
40,42017
40,42018
40,42019
40,42020
40,42021
40,42022
45,42023
40,42024
40,42025
40,42026
40,42027
45,42028
40,42029
45,42030
45,42031
45,42032
45,42033
40,42034
45,42035
45,42036
45,42037
45,42038
45,42039
45,42040
45,42041
45,42042
45,42043
45,42044
45,42045
45,42046
45,42047
45,42048
45,42049
45,42050
45,42051
45,42052
45,42053
45,42054
45,42055
45,42056
45,42057
45,42058
40,42059
36,43001
36,43002
36,43003
36,43004
36,43005
36,43006
36,43007
36,43008
36,43009
35,43010
35,43011
35,43012
35,43013
35,43014
35,43015
35,43016
35,43017
35,43018
35,43019
35,43020
35,43021
35,43022
35,43023
35,43024
35,43025
35,43026
35,43027
35,43028
35,43029
35,43030
40,43031
40,43032
40,43033
40,43034
40,43035
40,43036
40,43037
40,43038
40,43039
40,43040
40,43041
40,43042
40,43043
40,43044
40,43045
41,43046
41,43047
41,43048
40,43049
40,43050
41,43051
40,43052
40,43053
40,43054
40,43055
40,43056
40,43057
40,43058
40,43059
40,43060
40,43061
40,43062
40,43063
40,43064
40,43065
40,43066
40,43067
40,43068
35,44001
39,44002
39,44003
35,44004
35,44005
35,44006
35,44007
35,44008
35,44009
35,44010
35,44011
35,44012
35,44014
35,44016
39,44017
39,44018
39,44019
38,44020
38,44021
39,44022
39,44023
39,44024
39,44025
39,44026
39,44028
39,44029
39,44031
39,44032
39,44034
39,44036
39,44040
39,44041
39,44042
39,44043
39,44044
39,44045
39,44046
39,44047
39,44048
39,44049
39,44050
44,44051
40,44052
40,44053
40,44054
40,44055
39,44056
39,44057
39,44058
39,44059
35,44060
40,44061
40,44062
39,44063
39,44064
40,44065
40,44066
45,44067
40,44068
45,44069
45,44070
45,44071
40,44072
40,44074
39,44075
39,44076
39,44077
39,44078
35,44079
40,44080
40,44083
39,44084
44,45001
48,45002
48,45003
48,45004
48,45005
48,45006
44,45007
44,45008
44,45009
44,45010
44,45011
44,45012
44,45013
44,45014
44,45015
44,45016
48,45017
44,45018
48,45019
48,45020
47,45021
44,45022
47,45023
47,45024
48,45025
48,45026
48,45027
48,45028
48,45029
48,45030
48,45031
44,45032
48,45033
44,45034
48,45035
48,45036
48,45037
48,45038
47,45039
47,45040
47,45041
47,45042
48,45043
48,45044
48,45045
48,45046
48,45047
48,45048
48,45049
48,45050
48,45051
48,45052
43,45053
43,45054
47,45055
47,46001
47,46002
47,46003
47,46004
47,46005
47,46006
47,46007
47,46008
47,46009
47,46010
47,46011
47,46012
47,46013
47,46014
47,46015
47,46016
47,46017
47,46018
47,46019
50,46021
50,46022
50,46024
38,46026
50,46028
47,46029
47,46030
47,46031
47,46032
47,46033
47,46034
47,46035
47,46036
47,46037
47,46038
47,46039
47,46040
47,46041
47,46042
47,46043
47,46044
47,46045
47,46046
47,46048
47,46049
47,46050
47,46051
47,46052
47,46053
48,46054
48,46055
48,46056
48,46057
48,46058
48,46059
48,46060
48,46061
47,46062
47,46063
48,46064
48,46065
48,46066
48,46067
48,46068
48,46069
48,46070
48,46071
47,46072
48,46073
47,46077
50,47001
50,47002
47,47003
38,47004
47,47005
38,47006
47,47007
38,47008
47,47009
47,47010
47,47011
38,47012
38,47013
43,47014
50,47015
47,47016
43,47017
38,47018
44,47019
43,47020
44,47021
44,47022
43,47023
44,47024
43,47025
43,47026
43,47027
43,47028
43,47029
50,47030
43,47031
43,47032
43,47033
43,47034
47,47035
43,47036
43,47037
43,47038
43,47039
47,47040
47,47041
47,47042
43,47043
43,47044
43,47045
43,47046
44,47047
43,47048
47,47051
43,47052
43,47053
43,47054
43,47055
44,47056
47,47057
43,48001
44,48002
44,48003
44,48004
44,48005
39,48006
44,48007
44,48008
44,48009
39,48010
44,48011
44,48012
44,48013
40,48014
40,48015
40,48016
45,48017
44,48018
45,48019
45,48020
44,48021
44,48022
44,48023
44,48024
44,48025
44,48026
44,48027
44,48028
44,48029
44,48030
44,48031
44,48032
44,48033
44,48034
44,48035
44,48036
44,48037
44,48038
44,48039
44,48040
44,48041
44,48042
44,48043
44,48044
44,48045
44,48046
44,48047
44,48048
44,48049
44,48050
44,48051
44,48052
40,48053
38,49001
44,49002
38,49003
43,49004
43,49005
43,49006
43,49007
43,49008
43,49009
43,49010
43,49011
43,49012
38,49013
38,49014
43,49015
43,49016
43,49018
43,49019
47,49020
43,49021
43,49022
43,49023
43,49024
43,49025
43,49026
43,49027
43,49028
38,49029
38,49030
43,49031
43,49032
38,49033
38,49035
38,49036
38,49037
43,49038
38,49039
38,49040
38,49041
38,49042
38,49043
43,49044
38,49045
43,49046
43,49047
43,49048
43,49049
43,49050
38,49051
38,49052
38,49053
47,49054
47,49055
33,50001
33,50002
33,50003
33,50004
33,50005
33,50006
33,50007
33,50008
33,50009
33,50010
33,50011
33,50012
33,50013
33,50014
33,50015
33,50016
33,50017
33,50018
33,50019
33,50020
33,50021
33,50022
33,50023
33,50024
34,50025
33,50026
33,50027
34,50028
33,50029
33,50030
33,50031
33,50032
33,50033
34,50034
34,50035
34,50036
33,50037
34,50038
34,50041
33,50042
33,50043
33,50044
33,50045
33,50046
33,50047
33,50048
33,50049
34,50050
34,50051
34,50052
34,50053
34,50054
34,50055
34,50056
34,50057
34,50058
34,50060
34,50062
34,50063
33,50064
34,50065
33,50066
33,50067
33,50068
47,51001
47,51002
47,51003
47,51004
38,51005
38,51006
38,51007
38,51008
38,51009
38,51010
38,51011
38,51012
38,51013
38,51014
38,51015
38,51016
38,51017
38,51018
38,51019
38,51020
38,51021
38,51022
38,51023
38,51024
39,51025
38,51026
38,51027
38,51028
39,51029
39,51030
43,51031
38,51032
38,51033
38,51034
38,51035
38,51036
38,51037
38,51038
38,51039
39,51040
39,51041
39,51042
47,51043
38,51044
38,51045
38,51046
38,51047
38,51048
38,51049
38,51050
38,51051
38,51052
38,51053
38,51054
33,52001
35,52002
35,52003
33,52004
33,52005
33,52006
33,52007
33,52008
35,52012
38,52013
33,52015
33,52017
33,52018
33,52020
33,52021
33,52022
33,52024
33,52025
33,52027
33,52028
39,52031
39,52032
39,52033
39,52034
39,52035
33,52036
33,52039
33,52041
39,52043
39,52044
39,52046
39,52047
39,52048
39,52049
39,52050
39,52051
39,52052
39,52054
39,52055
39,52056
39,52057
33,52058
39,52059
39,52060
39,52061
39,52064
39,52065
39,52066
39,52067
39,52070
39,52072
39,52073
39,52074
35,52075
35,52076
35,52077
39,52078
39,52079
39,52080
39,52081
39,52082
39,52083
39,52084
39,52085
33,52087
39,52088
33,52089
33,52095
33,52096
33,52097
35,52098
37,53001
34,53002
37,53003
37,53004
37,53005
37,53006
37,53007
37,53008
37,53010
37,53011
37,53013
37,53014
37,53016
37,53017
34,53018
34,53019
34,53020
34,53021
34,53022
34,53024
34,53025
34,53026
34,53027
34,53028
34,53029
34,53030
34,53031
34,53033
34,53034
34,53035
34,53036
33,53037
34,53038
34,53039
34,53040
34,53041
34,53042
34,53044
34,53045
34,53046
34,53047
34,53049
34,53050
34,53051
34,53052
34,53053
34,53056
34,53057
34,53059
34,53062
34,53063
37,54001
37,54003
42,54004
42,54005
42,54006
37,54007
37,54008
37,54009
37,54010
42,54011
42,54012
42,54013
42,54014
42,54015
42,54016
37,54017
37,54018
37,54019
37,54020
37,54021
37,54022
37,54023
37,54024
37,54025
37,54026
37,54027
37,54029
37,54030
37,54031
37,54032
37,54033
37,54034
37,54035
37,54036
37,54037
37,54038
37,54039
37,54041
37,54042
37,54043
37,54044
37,54045
37,54046
37,54047
37,54048
37,54049
37,54050
37,54051
37,54052
37,54053
37,54054
37,54055
37,54056
37,54057
37,54059
37,54060
37,54061
37,54062
37,54063
37,54065
41,55001
41,55002
41,55003
41,55005
41,55006
41,55007
41,55008
41,55009
41,55010
41,55011
41,55012
37,55013
37,55014
37,55015
41,55016
37,55018
37,55019
37,55020
37,55021
42,55022
41,55023
41,55024
41,55025
41,55026
41,55027
41,55028
42,55029
42,55030
42,55031
42,55032
41,55033
41,55034
41,55035
41,55036
37,55037
41,55038
41,55039
41,55040
41,55041
41,55042
41,55043
41,55044
41,55045
41,55046
41,55047
41,55048
41,55049
41,55050
41,55051
41,55052
41,55053
41,55054
41,55055
41,55056
41,55057
37,55058
36,55059
36,55060
41,55061
41,55062
41,55063
41,55064
37,55065
41,55066
36,56001
36,56002
36,56003
36,56004
36,56005
36,56006
36,56007
36,56008
36,56009
36,56010
36,56011
36,56012
36,56013
36,56014
36,56015
36,56016
36,56017
36,56018
36,56020
36,56021
36,56022
36,56023
36,56024
41,56025
36,56026
36,56027
36,56028
36,56029
36,56030
36,56031
36,56032
36,56033
36,56034
36,56035
41,56036
36,56037
36,56038
36,56039
36,56040
36,56041
41,56042
41,56043
36,56044
36,56045
36,56046
36,56047
36,56048
36,56049
36,56050
41,56051
41,56052
36,56053
36,56054
36,56055
36,56056
36,56058
36,56059
36,56060
36,56061
41,56062
36,56063
36,56064
36,56065
41,56067
41,56068
36,56069
36,56070
35,57001
35,57002
35,57003
35,57004
35,57005
35,57006
35,57007
35,57008
35,57009
35,57010
35,57011
33,57012
33,57013
33,57014
35,57015
35,57016
35,57019
35,57020
35,57021
35,57022
35,57023
33,57024
33,57025
35,57027
35,57028
35,57029
35,57030
36,57031
36,57034
36,57035
36,57036
35,57039
36,57040
36,57041
35,57042
35,57043
35,57044
35,57045
35,57046
36,57047
35,57048
35,57049
35,57050
36,57051
35,57052
35,57053
35,57054
35,57055
35,57056
35,57058
35,57059
35,57061
35,57062
35,57063
35,57064
35,57065
35,57066
35,57067
35,57068
35,57070
33,57071
33,57072
33,57075
33,57076
35,57077
33,57078
35,57079
33,57080
35,57081
40,58001
41,58002
41,58003
41,58004
40,58005
41,58006
41,58007
45,58008
41,58009
41,58010
41,58011
41,58012
41,58013
41,58014
41,58015
41,58016
41,58017
41,58018
41,58019
41,58020
41,58021
42,58022
42,58023
45,58024
40,58025
45,58026
45,58027
45,58028
45,58029
42,58030
42,58031
45,58032
45,58033
45,58034
45,58035
45,58036
45,58037
45,58038
45,58039
45,58040
45,58041
45,58042
45,58043
45,58044
45,58045
45,58046
45,58047
42,58048
42,58049
42,58050
42,58051
42,58052
42,58053
42,58054
42,58055
42,58056
46,58057
46,58058
46,58059
46,58060
46,58061
46,58062
46,58063
45,58064
42,58065
45,58066
45,58067
46,59001
46,59002
46,59003
46,59004
46,59005
46,59006
46,59007
46,59008
46,59009
46,59010
46,59011
46,59012
46,59013
46,59014
46,59015
46,59016
46,59017
46,59018
46,59019
42,59020
45,59021
46,59022
45,59023
45,59024
45,59025
45,59026
46,59027
46,59028
46,59029
46,59030
45,59031
46,59032
46,59033
46,59034
45,59035
46,59036
46,59037
46,59038
46,59039
46,59040
46,59041
46,59042
46,59043
46,59044
46,59045
46,59046
46,59047
46,59048
46,59049
46,59050
46,59051
46,59052
46,59053
46,59054
46,59055
46,59056
46,59057
46,59058
46,59059
46,59060
46,59061
46,59062
46,59063
46,59064
46,59065
46,59066
42,59067
46,59069
42,60001
42,60002
42,60003
42,60004
42,60005
42,60007
42,60008
42,60009
42,60010
42,60011
42,60012
42,60013
46,60014
46,60015
46,60016
42,60017
42,60018
42,60019
42,60020
42,60021
42,60022
42,60023
42,60024
42,60025
42,60026
42,60027
42,60028
42,60029
42,60030
42,60031
42,60032
42,60033
42,60034
42,60035
42,60036
42,60037
42,60038
42,60039
42,60040
42,60041
42,60042
42,60043
42,60044
42,60046
37,60047
42,60048
42,60049
42,60050
42,60051
42,60052
42,60053
42,60054
42,60055
42,60056
42,60057
42,60058
42,60059
42,60060
37,60061
42,60063
37,60064
49,61001
49,61002
49,61003
49,61004
49,61005
49,61006
49,61007
49,61008
49,61009
49,61010
49,61011
49,61012
49,61013
49,61014
49,61015
49,61016
49,61017
49,61018
49,61019
49,61020
49,61021
49,61022
49,61023
49,61024
49,61025
50,61026
50,61027
49,61028
49,61029
49,61030
49,61031
49,61032
49,61033
49,61034
49,61035
49,61036
49,61037
49,61038
49,61039
50,61040
50,61041
50,61042
50,61043
50,61044
49,61045
49,61046
49,61047
49,61048
49,61049
50,61050
49,61051
49,61052
1,61060
1,61061
1,61062
1,61063
1,61064
1,61065
1,61066
1,61067
1,61068
1,61069
1,61071
1,61073
1,61074
51,62001
51,62002
51,62003
51,62004
51,62005
51,62006
51,62007
51,62008
51,62009
51,62010
51,62012
51,62013
51,62014
51,62015
51,62016
51,62017
51,62018
51,62019
51,62020
51,62021
51,62022
51,62023
51,62025
51,62026
51,62027
51,62028
51,62029
51,62030
50,62031
50,62032
51,62034
51,62035
51,62036
51,62037
51,62038
51,62039
51,62040
51,62041
51,62042
51,62043
51,62044
51,62045
51,62046
51,62047
51,62048
51,62049
51,62050
51,62051
51,62052
51,62053
51,62054
51,62055
51,62056
50,62057
50,62058
50,62059
50,62060
50,62061
51,62062
51,62064
51,62065
49,63001
49,63002
49,63003
49,63004
49,63005
49,63006
49,63007
50,63008
50,63009
49,63010
49,63011
49,63012
49,63013
49,63014
49,63015
49,63016
49,63017
49,63018
49,63019
49,63020
49,63021
49,63022
49,63023
50,63024
50,63025
50,63026
50,63028
50,63029
50,63031
50,63032
50,63033
50,63034
50,63035
49,63036
49,63037
49,63038
49,63039
49,63040
49,63041
49,63042
49,63043
51,63045
51,63046
51,63047
51,63048
51,63049
51,63050
50,63051
50,63052
50,63053
50,63054
50,63055
50,63056
50,63057
51,63058
50,63059
50,63060
51,63061
51,63062
51,63063
51,63064
50,63065
49,63066
49,63067
51,63068
49,63069
50,63072
50,63073
51,63074
49,63075
51,64001
51,64002
51,64003
51,64004
51,64005
51,64006
51,64007
51,64008
50,64009
50,64010
50,64011
50,64012
50,64013
50,64014
50,64015
50,64016
50,64017
50,64018
50,64019
50,64020
50,64022
50,64023
50,64024
50,64026
50,64027
50,64028
50,64029
50,64030
50,64031
50,64032
50,64033
50,64034
50,64035
50,64036
50,64037
50,64038
50,64039
50,64040
50,64041
50,64042
50,64043
50,64044
50,64045
50,64046
49,64047
50,64048
50,64049
50,64050
49,64051
50,64052
50,64053
50,64056
51,64059
50,64060
49,64061
47,64076
47,64077
47,64078
47,64079
47,64080
47,64081
47,64082
47,64083
47,64084
47,64086
47,64087
1,65001
1,65002
1,65003
1,65004
1,65005
1,65006
1,65007
1,65008
1,65009
1,65010
1,65011
1,65012
1,65013
1,65014
1,65015
1,65016
1,65017
1,65018
1,65021
1,65022
1,65023
1,65024
1,65025
1,65026
1,65027
1,65028
1,65029
1,65030
1,65031
1,65032
1,65033
1,65034
1,65035
1,65036
1,65037
1,65038
2,65039
1,65040
1,65041
1,65042
1,65043
1,65044
1,65045
1,65047
1,65048
1,65049
1,65050
1,65051
1,65052
1,65053
1,65054
1,65055
1,65056
2,65058
2,65059
2,65060
2,65061
2,65062
2,65063
2,65064
2,65065
2,65066
1,65067
1,65069
1,65070
3,66001
3,66002
3,66003
3,66004
3,66005
2,66006
2,66007
3,66008
3,66009
3,66010
3,66011
3,66012
1,66013
3,66016
3,66017
3,66018
3,66019
3,66020
3,66021
1,66022
3,66023
2,66024
3,66025
3,66029
2,66030
3,66031
1,66032
3,66033
2,66034
2,66035
2,66036
2,66037
2,66038
2,66039
2,66041
2,66042
2,66043
2,66044
2,66045
2,66046
2,66047
2,66048
2,66049
2,66050
2,66051
2,66052
2,66053
2,66054
2,66055
2,66056
2,66057
2,66058
1,66059
1,66060
1,66061
1,66062
1,66064
1,66065
1,66066
1,66067
1,66068
1,66070
1,66071
1,66072
1,66073
2,66074
2,66078
6,67001
6,67002
6,67003
6,67004
6,67005
6,67006
6,67007
6,67008
6,67009
6,67010
6,67011
6,67012
6,67013
6,67014
6,67015
6,67016
6,67017
6,67018
6,67019
6,67020
6,67021
6,67022
6,67023
6,67024
6,67025
6,67026
6,67027
6,67028
6,67029
6,67030
6,67031
6,67032
6,67033
6,67034
6,67035
6,67036
6,67037
6,67038
6,67039
6,67040
6,67041
6,67042
6,67043
6,67044
6,67045
7,67046
6,67047
6,67048
6,67049
6,67050
6,67051
6,67052
6,67053
6,67054
6,67055
6,67056
6,67057
6,67058
3,67059
3,67060
3,67061
3,67062
3,67063
3,67064
3,67065
3,67066
3,67067
3,67068
6,67069
9,68001
9,68003
9,68004
9,68005
9,68006
9,68007
9,68008
8,68009
8,68010
9,68011
9,68012
9,68013
9,68014
8,68015
8,68016
8,68017
9,68018
8,68019
8,68020
8,68021
8,68022
8,68023
8,68024
8,68025
8,68026
8,68027
8,68028
8,68029
8,68030
8,68031
8,68032
8,68033
8,68034
8,68035
8,68036
8,68038
8,68039
8,68040
8,68041
8,68042
8,68043
8,68044
8,68045
8,68046
8,68047
8,68049
8,68050
8,68051
8,68052
8,68053
5,68054
5,68055
8,68056
8,68057
8,68058
8,68059
8,68060
8,68061
8,68062
8,68063
5,68064
8,68065
5,68066
5,68067
5,68068
8,68069
5,68070
8,68071
9,68073
8,68074
8,68075
5,68076
5,68077
6,68079
6,68081
6,68082
7,69001
7,69002
7,69003
7,69004
7,69005
7,69006
7,69007
7,69008
7,69009
7,69010
7,69011
7,69012
7,69013
7,69014
7,69015
6,69016
7,69017
7,69018
7,69019
7,69020
7,69021
7,69022
7,69023
7,69024
7,69025
7,69026
7,69027
7,69028
7,69029
7,69030
7,69031
7,69032
7,69033
7,69034
7,69035
7,69036
7,69037
7,69038
7,69039
7,69040
7,69041
7,69042
7,69043
7,69044
7,69045
7,69046
7,69047
7,69048
7,69049
7,69050
6,69051
6,69052
6,69053
6,69054
6,69055
6,69056
6,69057
7,69058
7,69059
6,69060
7,69061
6,69062
6,69063
6,69064
6,69065
6,69066
6,69067
6,69068
6,69069
6,69070
6,69071
6,69072
6,69073
6,69074
6,69075
6,69076
6,69077
6,69079
6,69083
7,70001
7,70002
7,70003
7,70004
7,70005
7,70006
7,70007
7,70008
7,70009
7,70010
7,70011
7,70012
7,70013
9,70014
7,70015
9,70016
7,70017
9,70018
9,70019
9,70020
9,70021
9,70022
9,70023
9,70024
9,70025
9,70026
9,70027
9,70028
9,70029
9,70030
9,70031
9,70032
9,70033
9,70034
9,70035
9,70037
9,70039
9,70040
9,70041
9,70042
9,70043
9,70044
9,70045
9,70046
9,70047
9,70048
9,70049
9,70050
9,70051
9,70052
9,70053
9,70054
9,70055
9,70056
9,70057
9,70058
9,70059
9,70060
9,70061
9,70062
9,70063
9,70064
9,70065
9,70066
9,70067
9,70068
9,70069
9,70070
9,70071
7,70074
10,71001
10,71002
10,71005
10,71006
10,71007
10,71008
10,71009
10,71010
10,71011
10,71012
10,71013
10,71014
10,71015
10,71017
10,71018
10,71019
7,71020
7,71021
7,71022
7,71023
7,71024
7,71025
7,71026
7,71027
10,71029
10,71030
9,71031
9,71032
9,71033
9,71034
10,71035
7,71036
7,71037
7,71038
7,71039
7,71040
7,71041
7,71042
7,71043
7,71044
7,71045
7,71046
7,71047
7,71048
7,71049
7,71050
9,71051
9,71052
9,71053
9,71054
9,71055
9,71056
9,71057
9,71058
9,71059
9,71060
9,71061
9,71062
9,71063
9,71064
10,71065
10,71067
9,71071
10,72001
10,72002
10,72003
10,72004
10,72005
10,72006
10,72007
10,72008
10,72009
10,72010
10,72011
10,72012
10,72013
10,72014
10,72015
10,72016
10,72017
10,72018
10,72019
10,72020
10,72021
10,72023
10,72024
10,72025
10,72026
10,72027
10,72028
10,72029
10,72030
10,72031
10,72032
10,72033
10,72034
10,72035
10,72036
10,72038
10,72039
10,72040
10,72041
10,72042
10,72043
10,72044
10,72045
10,72046
10,72047
10,72048
10,72049
10,72050
10,72051
10,72053
10,72054
10,72055
10,72056
10,72057
10,72058
10,72060
10,72061
10,72062
10,72063
4,73001
4,73002
4,73003
4,73004
4,73005
4,73006
4,73007
4,73008
4,73009
4,73010
4,73011
4,73012
4,73013
4,73014
4,73015
4,73016
4,73017
4,73018
4,73019
4,73020
4,73021
4,73022
4,73023
4,73024
4,73025
4,73026
4,73027
4,73028
4,73029
4,73030
4,73031
4,73032
4,73033
5,73034
4,73036
5,73037
5,73038
4,73039
4,73040
4,73041
4,73042
4,73043
4,73044
4,73045
4,73046
4,73047
4,73048
4,73049
4,73050
4,73051
4,73052
4,73053
4,73054
4,73055
4,73056
4,73057
4,73058
5,73059
5,73060
5,73061
5,73062
4,73063
5,73064
4,73065
4,73066
4,73067
4,73068
5,73069
2,73070
4,73071
4,73072
4,74001
4,74002
4,74003
4,74004
4,74005
4,74006
4,74007
4,74008
2,74009
2,74010
4,74011
2,74012
2,74013
2,74014
4,74015
4,74016
4,74017
4,74018
4,74019
4,74020
4,74021
4,74022
4,74023
4,74024
2,74025
2,74026
2,74027
2,74028
2,74029
2,74030
2,74031
2,74032
2,74033
2,74034
2,74035
2,74037
2,74038
2,74039
2,74040
2,74041
2,74042
2,74043
2,74044
2,74045
2,74046
2,74047
2,74048
2,74049
2,74050
2,74051
2,74052
2,74053
2,74054
2,74055
2,74056
2,74057
2,74058
2,74059
2,74060
2,74061
2,74062
3,74063
4,74064
2,74066
4,74070
6,75001
6,75002
6,75003
6,75004
6,75005
6,75006
3,75007
6,75008
3,75009
6,75010
6,75011
6,75012
4,75013
4,75014
4,75015
3,75016
3,75017
2,75018
4,75019
3,75020
3,75021
3,75022
3,75023
3,75024
3,75025
3,75026
3,75027
3,75028
3,75029
3,75030
3,75031
3,75032
3,75033
3,75034
3,75035
3,75036
3,75037
3,75038
3,75039
3,75040
3,75041
3,75042
3,75043
3,75044
3,75045
3,75046
3,75047
3,75048
3,75049
3,75050
3,75051
3,75052
3,75053
3,75054
3,75055
3,75056
3,75057
3,75058
3,75059
3,75061
3,75062
3,75063
3,75064
3,75066
4,75067
6,75068
6,75070
4,75071
5,76001
5,76002
5,76003
5,76004
5,76005
5,76006
5,76007
5,76009
5,76010
5,76011
5,76012
5,76013
5,76014
5,76015
5,76016
5,76017
5,76018
5,76019
5,76020
5,76021
5,76022
5,76023
5,76024
5,76025
5,76026
5,76027
5,76028
5,76029
5,76030
5,76031
5,76032
5,76033
5,76034
5,76035
5,76036
5,76037
5,76038
5,76039
5,76040
5,76041
5,76042
5,76043
5,76044
5,76045
5,76046
5,76047
5,76048
5,76049
5,76050
5,76051
5,76052
5,76053
5,76054
5,76055
5,76056
5,76057
5,76058
5,76059
5,76060
5,76061
5,76062
5,76065
5,76067
26,76068
16,77001
16,77002
16,77003
8,77004
16,77005
16,77006
16,77007
16,77008
16,77009
16,77010
16,77011
16,77012
14,77013
14,77014
14,77015
16,77016
16,77017
16,77018
16,77019
14,77020
14,77021
14,77022
14,77023
14,77024
14,77025
14,77026
14,77027
14,77028
16,77029
16,77030
16,77031
16,77032
16,77033
16,77034
16,77035
16,77036
16,77037
16,77038
16,77039
16,77040
16,77041
16,77042
16,77043
16,77044
16,77045
16,77048
16,77049
16,77051
16,77052
16,77053
14,77054
16,77055
16,77056
14,77057
8,77058
14,77059
15,78001
15,78002
15,78003
15,78004
15,78005
15,78006
15,78007
15,78008
15,78009
15,78010
15,78011
15,78012
15,78013
15,78014
15,78015
15,78016
15,78017
15,78018
15,78019
15,78020
15,78021
15,78022
15,78023
11,78024
15,78025
11,78026
11,78027
11,78028
14,78029
11,78030
11,78031
14,78032
14,78033
14,78034
14,78035
14,78036
14,78037
14,78038
14,78039
14,78040
14,78041
14,78042
14,78043
14,78044
14,78045
14,78046
14,78047
15,78048
15,78049
11,78050
13,78051
11,78052
15,78053
15,79001
15,79002
15,79003
15,79004
15,79005
15,79006
17,79007
15,79008
16,79009
16,79010
16,79011
15,79012
16,79013
16,79014
16,79015
17,79016
16,79017
16,79018
15,79019
17,79020
17,79021
15,79022
15,79023
17,79024
17,79025
17,79026
17,79027
17,79028
17,79029
17,79030
17,79031
17,79032
17,79033
17,79034
16,79035
17,79036
17,79037
17,79038
17,79039
17,79040
16,79041
16,79042
17,79043
17,79044
17,79045
17,79046
17,79047
17,79048
17,79049
17,79050
17,79051
17,79052
16,79053
16,79054
16,79055
16,79056
17,79057
13,80001
13,80002
11,80003
13,80004
13,80005
13,80006
13,80007
11,80008
13,80009
13,80010
13,80011
13,80012
13,80013
13,80014
13,80015
13,80016
13,80017
13,80018
13,80019
13,80020
13,80022
13,80023
13,80024
11,80025
13,80026
12,80027
11,80028
13,80029
13,80030
12,80031
13,80032
13,80033
12,80034
12,80035
12,80036
12,80037
12,80038
11,80039
11,80040
13,80041
13,80042
13,80043
13,80044
13,80045
11,80046
13,80047
13,80048
15,80049
13,80050
15,80051
15,80052
11,80053
11,80054
11,80055
11,80056
11,80057
11,80058
11,80059
15,80060
11,80061
14,81001
14,81002
14,81003
14,81004
14,81005
14,81006
11,81007
11,81008
11,81010
11,81011
11,81012
11,81013
11,81014
11,81015
11,81016
11,81017
11,81018
11,81019
11,81020
11,81021
11,81022
11,81023
11,81024
11,81025
11,81026
11,81027
11,81028
11,81029
11,81030
11,81031
11,81032
11,81033
11,81034
11,81035
11,81036
11,81037
11,81038
11,81039
11,81040
11,81041
11,81042
11,81043
11,81044
11,81046
11,81047
11,81048
11,81049
11,81050
11,81051
11,81052
11,81053
11,81054
11,81055
11,81056
11,81057
11,81058
11,81059
11,81061
11,81062
13,82001
13,82002
13,82003
13,82004
13,82005
13,82006
13,82007
13,82008
13,82009
13,82010
13,82011
13,82012
13,82013
13,82014
13,82015
13,82016
13,82017
13,82018
13,82019
13,82020
13,82021
13,82022
13,82023
13,82024
13,82025
13,82026
13,82027
13,82028
13,82029
13,82030
13,82031
13,82032
13,82033
13,82034
18,82036
13,82038
13,82041
13,82043
13,82044
12,82046
12,82047
12,82048
12,82049
12,82050
12,82051
12,82052
12,82054
12,82055
12,82056
12,82057
12,82058
12,82059
12,82060
12,82061
12,82062
12,82063
12,82064
12,82065
12,82066
12,82067
13,82068
13,82069
13,82070
13,82071
13,82073
13,82074
13,82075
12,82076
13,82077
12,83001
12,83002
12,83003
12,83004
12,83005
12,83006
12,83007
12,83008
12,83009
12,83010
12,83011
12,83012
12,83013
12,83014
12,83015
12,83016
12,83017
12,83019
12,83020
12,83021
12,83022
12,83023
12,83024
12,83025
12,83026
12,83027
12,83028
12,83029
12,83030
11,83031
12,83032
12,83033
12,83034
11,83035
12,83036
12,83037
12,83038
12,83039
11,83040
12,83041
11,83042
11,83043
12,83044
12,83045
12,83046
12,83047
12,83048
12,83049
12,83050
12,83051
12,83052
12,83053
11,83054
12,83055
12,83056
11,83057
13,83058
13,83059
16,84001
16,84002
16,84003
16,84004
16,84005
16,84006
16,84007
16,84008
16,84009
16,84010
16,84011
16,84012
16,84013
16,84014
16,84015
8,84016
17,84017
17,84018
17,84019
17,84020
8,84021
8,84022
17,84023
17,84024
17,84025
17,84026
8,84027
8,84028
8,84029
8,84030
8,84031
8,84032
8,84033
8,84034
8,84035
8,84036
8,84037
8,84038
8,84039
8,84040
8,84041
8,84042
8,84043
8,84044
8,84045
8,84046
8,84047
8,84048
8,84049
8,84050
8,84051
17,84053
8,84054
17,84055
8,84056
17,84057
8,84058
18,85001
18,85002
18,85003
18,85004
18,85005
17,85006
17,85007
17,85008
18,85009
18,85010
18,85011
18,85012
18,85013
18,85014
18,85015
18,85016
18,85017
18,85018
18,85019
18,85020
18,85021
18,85022
17,85023
18,85024
17,85025
17,85026
17,85027
17,85028
17,85029
17,85030
17,85031
17,85032
17,85033
17,85034
17,85035
17,85037
18,85038
17,85039
17,85040
17,85043
17,85044
17,85045
18,85046
18,85047
18,85048
18,85049
17,85050
18,85051
22,85052
17,85053
17,85054
17,85056
17,85057
17,85059
17,85060
17,85061
17,85065
17,85066
17,85067
17,85068
17,85069
17,85070
17,85071
17,85072
17,85073
17,85074
17,85075
17,85076
17,85077
17,85078
17,85079
17,85080
17,85081
14,86001
14,86002
14,86003
14,86004
14,86005
14,86006
14,86007
14,86008
14,86009
14,86010
14,86011
14,86012
14,86014
14,86015
14,86016
14,86017
14,86018
14,86019
14,86020
14,86021
14,86022
14,86023
14,86024
14,86025
14,86026
14,86027
14,86028
14,86029
15,86030
15,86031
15,86032
15,86033
15,86034
15,86035
15,86036
15,86037
15,86038
15,86039
14,86040
14,86041
15,86042
15,86043
15,86044
15,86046
15,86047
15,86048
15,86049
15,86050
15,86051
16,86052
15,87002
15,87003
15,87004
18,87005
15,87006
15,87007
18,87008
17,87009
17,87010
18,87011
18,87012
18,87013
18,87014
18,87015
18,87016
18,87017
18,87018
18,87019
18,87020
18,87021
18,87022
18,87023
18,87024
18,87025
18,87026
18,87027
18,87028
18,87029
18,87030
18,87031
18,87032
13,87033
18,87034
15,87035
15,87036
18,87037
18,87038
18,87039
18,87040
18,87041
18,87042
18,87043
18,87044
18,87045
18,87046
18,87047
18,87048
18,87049
18,87050
18,87051
18,87052
17,87054
15,87055
10,72022
10,72037
15,87001
15,87053
12,82045
13,82053
13,82042
13,82072
16,77046
16,77050
35,57057
35,57060
8,84052
41,55004
37,54040
47,46047
14,86013
15,86045
28,32036
27,32037
43,49017
38,49034
39,52071
39,52086
21,27054
21,27061
38,61113
38,61103
38,61104
38,61105
38,61106
38,61107
38,61108
38,61100
9,68002
8,68072
42,60006
42,60062
50,64021
50,64025
32,23009
31,29024
27,33041
47,64075
47,64089
47,46020
47,46027
39,52063
51,62024
47,46023
38,46025
43,47049
44,47050
50,63027
50,63030
22,34016
22,34027
8,68037
8,68048
10,71016
10,72052
10,71003
10,71004
47,64085
32,38016
32,38021
32,23058
32,23072
11,81009
12,83018
11,81045
18,82040
13,80021
13,82039
10,71028
10,72059
18,82035
13,82037
51,62033
51,63044
34,53023
34,53032
51,62011
31,31014
27,29044
24,29050
39,44037
39,44033
39,44035
33,52037
33,52040
33,52038
39,52045
39,52053
39,52069
39,52062
39,52068
39,44030
39,44027
39,44073
3,66027
2,66040
1,66063
1,66069
33,52009
33,52014
33,52016
5,76008
5,73035
34,53060
34,53061
29,28039
33,52029
30,30030
30,30031
24,29053
27,29063
34,38007
34,38054
2,74065
2,74068
29,28038
29,28051
29,28052
17,85036
16,77047
16,84059
34,53043
34,53054
34,53058
36,56057
36,56066
34,50059
34,50061
37,55017
37,54058
33,52023
33,52090
33,52042
39,52092
35,57018
35,57026
33,52026
17,85041
17,85042
35,44013
36,57037
36,57038
35,57069
35,57017
36,56019
36,57032
36,57033
2,66026
2,66028
33,52030
26,30044
25,30053
33,52010
33,52011
33,52019
42,60045
42,54064
9,70036
9,70038
29,28002
29,27052
35,44081
3,66014
3,66015
39,44038
39,44039
35,44015
39,44082
35,57073
35,57074
1,65019
1,65020
3,75060
3,75065
32,38040
32,23056
34,38002
31,31012
31,23019
34,50039
34,50040
34,53048
34,53055
37,54028
32,38030
37,54002
32,38036
32,23055
32,38038
32,23054
1,65046
33,52093
34,38003
34,38004
37,53009
2,74036
2,65057
37,53012
37,53015
